config,wait_min,n_cases,rank3_cases,rank3_percent,median_horizontal_crlb_m,p90_horizontal_crlb_m,median_vertical_crlb_m,median_3d_crlb_m,p90_3d_crlb_m
D1,10,691,691,100.0,482.6005925843658,3678.3334167450416,869.3979851084376,988.0099574345868,8229.105754045566
D1,30,691,691,100.0,214.28171943570317,293.5999589141721,376.5654101203083,433.67607588388955,614.8068664381407
D1,60,691,691,100.0,87.13676816882658,100.44074467753424,164.568853986035,186.21418868922083,212.35166266905026
D2,10,691,601,86.97539797395079,2327.7160264029394,5535671.6836432135,1563.1090952214345,2717.2294028770084,7687956.297721176
D2,30,691,691,100.0,100.10008366134053,727.1975442723538,104.27440237875894,150.13446506235312,739.5577876729898
D2,60,691,691,100.0,61.99525336514683,79.58967851599651,68.23572239445912,91.70510739783386,113.20349580605844
D3,10,691,672,97.25036179450072,419.38457844987215,1499559.8331833507,426.21214311982203,688.4131805635108,2367253.304166174
D3,30,691,691,100.0,89.47009954595724,153.45212008392954,102.37511396867038,136.7079681109077,229.54297319405717
D3,60,691,691,100.0,57.5060829322322,68.29909857799791,67.25985994633069,88.58417858967452,103.37756907058659
D4,10,691,691,100.0,130.80684635956163,1797.8291853005103,204.9213898937802,259.7623817950519,2793.471343786167
D4,30,691,691,100.0,41.056543015435146,56.478953625121605,25.816959685106237,49.2455769167064,97.7614312685945
D4,60,691,691,100.0,11.853182963370307,26.818331109087364,5.355188975249001,12.997887187022007,31.213820400020527
D5,10,691,686,99.27641099855282,102.35720736543351,959.8388534871491,114.8009755825723,156.8775216816637,1137.5991995657307
D5,30,691,691,100.0,39.99046953661174,53.01663002265721,32.56341367906268,53.23231365002586,80.32337084926627
D5,60,691,691,100.0,23.546477464269653,28.38927095163854,18.815954126955504,30.162789091275734,35.30793979503925
D6,10,691,691,100.0,73.18511740898522,218.8050812915648,63.59163765992163,96.48044995960974,347.1657607941038
D6,30,691,691,100.0,16.026976844567134,32.134467302327685,6.274972881574636,17.403135217573976,42.3404921921567
D6,60,691,691,100.0,9.666376558407475,11.130674153460419,3.26696205182151,10.341192083400594,11.831003137412957
