config,kind,n_openings,diameter_deg,n_observations,n_satellites,per_aperture_satellites
D1,distributed,1,10.0,12828,447,447
C1,concentrated,1,9.999999999999984,12828,447,447
D2,distributed,2,10.0,2412,229,142;87
C2,concentrated,2,14.146630338054084,21947,497,497;0
D3,distributed,3,10.0,5982,366,205;119;123
C3,concentrated,3,17.33152729881792,29986,531,531;0;0
D4,distributed,4,10.0,8029,369,205;136;95;135
C4,concentrated,4,20.019102288143877,37574,561,561;0;0;0
D5,distributed,5,10.0,9841,433,205;112;119;117;105
C5,concentrated,5,22.389180338898193,44933,588,588;0;0;0;0
D6,distributed,6,10.0,11970,532,205;152;119;95;123;142
C6,concentrated,6,24.533957131065623,52283,614,614;0;0;0;0;0
