wait_min,occupancy_pattern,cases,median_satellites,median_crlb_m,p90_crlb_m
10,2+1+1,21,4.0,123.52281919709029,155.69806700775538
10,3+1+1,19,5.0,95.73481594729496,113.6514985955413
10,1+1+1,9,3.0,179.4858682031846,196.50048336142225
10,3+2+1,2,6.0,66.81951255502932,66.81951255502932
10,4+1+1,2,6.0,120.7550936281124,134.12282912090356
10,2+2+1,1,5.0,122.18295468218727,122.18295468218727
10,3+3+1,1,7.0,65.61567426005223,65.61567426005223
10,4+2+1,1,7.0,65.35328278446575,65.35328278446575
20,2+1+1,56,4.0,97.02569880091232,171.3516752743699
20,3+1+1,55,5.0,105.23097240143007,191.26963558778195
20,4+1+1,35,6.0,97.43271491077333,133.9141802374253
20,3+2+1,21,6.0,81.46249015529862,113.16181171373549
20,2+2+1,17,5.0,69.87717574516135,100.44912311721902
20,1+1+1,14,3.0,144.28694569738514,274.6669462114577
20,4+2+1,8,7.0,90.07372466585142,115.87146558818239
20,4+3+1,8,8.0,65.12440630277129,74.6669528054057
20,5+1+1,8,7.0,111.85576828914886,111.85576828914886
20,3+3+1,6,7.0,87.36249950700135,98.80486565816162
20,5+2+1,3,8.0,71.0059376154477,91.30543166113625
20,3+3+2,2,8.0,50.22321430262744,50.48679275875778
20,4+2+2,2,8.0,57.475131538168974,57.475131538168974
30,3+2+1,65,6.0,67.33681884327383,101.32545386728967
30,3+1+1,49,5.0,96.75537373812196,161.83978099833075
30,4+1+1,49,6.0,120.12076533632053,201.46646315909902
30,2+1+1,35,4.0,92.39435045591502,140.10692407817442
30,4+3+1,29,8.0,76.03548569559477,102.15595437696972
30,5+1+1,26,7.0,85.07003626982687,118.24644914319316
30,5+2+1,26,8.0,74.92712247415808,102.98026203683935
30,2+2+1,23,5.0,92.39361046265635,170.82165091389848
30,3+2+2,21,7.0,68.38949670690492,91.01885622678539
30,3+3+1,21,7.0,88.64010187243242,97.98355649297477
30,4+2+1,17,7.0,68.54779813131209,97.60983822560357
30,4+3+2,16,9.0,66.20316733190728,79.05331057296695
30,3+3+2,12,8.0,68.48361842962069,84.18477986008051
30,5+2+2,11,9.0,61.08284239194301,101.00043510037668
30,4+2+2,9,8.0,67.01616842244243,76.8297571089603
30,5+3+1,9,9.0,82.27516534132046,93.34859309988141
30,5+3+2,9,10.0,55.55215959414469,62.608543459542766
30,2+2+2,7,6.0,69.1119471730893,99.04556943088946
30,4+4+1,6,9.0,62.80607923622945,67.60632993316793
30,1+1+1,5,3.0,163.83752001058994,349.91294226818627
30,6+3+1,5,10.0,62.369522796526375,65.07504489491089
30,4+3+3,4,10.0,48.17249862032726,55.93884202343109
30,4+4+2,4,10.0,49.7678308821296,60.94304656787646
30,5+3+3,3,11.0,54.62813806648071,54.62813806648071
30,6+1+1,3,8.0,111.16576665639853,111.16576665639853
30,5+4+1,2,10.0,55.95183362723969,55.95183362723969
30,6+2+1,2,9.0,76.97267775531185,85.96489668117518
30,6+3+2,2,11.0,61.78428236374321,61.78428236374321
30,3+3+3,1,9.0,48.71063811448622,48.71063811448622
30,5+4+2,1,11.0,48.42776360996111,48.42776360996111
30,6+2+2,1,10.0,61.36728708982356,61.36728708982356
60,5+4+3,60,12.0,50.480459066319376,57.686517593801405
60,6+5+3,52,14.0,50.59791819527723,56.94457466245459
60,5+5+3,41,13.0,51.096545007196546,57.34555204008891
60,5+3+3,37,11.0,50.194891546035805,55.169200806937624
60,4+4+3,34,11.0,53.11537470927961,67.56924638281357
60,6+5+2,33,13.0,50.63908142376237,65.04426326576065
60,6+4+2,30,12.0,55.74765831067599,57.49018318246205
60,6+4+3,23,13.0,47.83598557472705,57.44200543799962
60,6+6+3,22,15.0,46.39864526039223,51.59965815864407
60,5+4+4,20,13.0,50.103072692088375,59.04289642822534
60,5+5+2,19,12.0,54.839638149808096,64.88258676075002
60,4+3+3,18,10.0,58.84119322452028,62.00540162293834
60,6+4+1,18,11.0,58.482799769284604,69.82287702723633
60,5+4+2,17,11.0,60.56224674766074,73.01698387219172
60,6+4+4,17,14.0,44.717257504869195,46.43650067206326
60,6+5+4,17,15.0,47.72519579420844,53.239728042192866
60,5+5+4,15,14.0,48.96743820039577,51.83571422195995
60,7+5+2,14,14.0,50.91967433814948,56.394897287648966
60,7+4+2,13,13.0,53.73980884544125,66.01314642443641
60,7+5+3,12,15.0,50.7445714445967,55.29099059418016
60,6+6+4,11,16.0,49.30465608226234,58.84375802043014
60,5+3+2,10,10.0,61.10654606416167,74.90482968584313
60,7+5+1,9,13.0,62.323495784605896,62.464394685954396
60,4+3+2,8,9.0,78.36946367713941,82.30481839276757
60,4+4+2,8,10.0,55.07509959842261,67.21873346405529
60,6+5+1,7,12.0,57.57390092423974,64.66426530794779
60,6+6+1,7,13.0,48.76346716285403,49.37364424999508
60,7+3+2,6,12.0,52.44051292784423,54.172875559704714
60,7+3+3,6,13.0,53.06517253311968,55.65917453922218
60,7+6+3,6,16.0,47.956264672688036,49.271959924415356
60,6+3+3,5,12.0,53.0795749844234,62.452920953502456
60,9+4+2,5,15.0,44.665619346319815,51.81274020735562
60,4+3+1,4,8.0,54.106382158395405,54.42536576263818
60,5+4+1,4,10.0,53.34196865188019,53.34196865188019
60,7+4+3,4,14.0,44.74008163230896,49.382820708909286
60,7+4+4,4,15.0,44.142817507070994,44.31421151863342
60,7+6+4,4,17.0,51.60878816687615,54.07124143025019
60,8+4+1,4,13.0,50.27877023368989,71.50140593751141
60,8+6+1,4,15.0,53.053753085025086,53.3267992322861
60,8+6+3,4,17.0,49.427318776011845,61.11410030179974
60,4+4+1,3,9.0,53.33504947306554,53.687531390072564
60,4+4+4,3,12.0,51.94557899253272,52.29565428872135
60,6+3+2,3,11.0,53.58182933096435,71.89100136702453
60,7+6+2,3,15.0,41.928740598973654,41.928740598973654
60,7+7+3,3,17.0,45.8705437784768,49.88202301181602
60,7+7+4,3,18.0,49.13842536742893,50.69696767420138
60,8+5+2,3,15.0,53.748346452173195,57.48473754298978
60,8+5+3,3,16.0,52.09080467942441,53.64284247011787
60,6+6+2,2,14.0,49.50538750231572,54.33118478248597
60,8+4+2,2,14.0,44.994583271113996,46.48219938244961
60,8+4+3,2,15.0,41.094166273873455,41.23382878096472
60,8+5+1,2,14.0,59.48604776182428,59.48604776182428
60,9+5+2,2,16.0,48.258062731920525,50.89867548852943
60,10+4+3,1,17.0,41.20195500469323,41.20195500469323
60,11+4+2,1,17.0,42.32036775813326,42.32036775813326
60,3+3+1,1,7.0,55.42291969301837,55.42291969301837
60,6+3+1,1,10.0,55.9530545033742,55.9530545033742
60,7+4+1,1,12.0,67.17131717308828,67.17131717308828
60,7+5+4,1,16.0,47.83304701824589,47.83304701824589
60,7+6+1,1,14.0,46.10059026846729,46.10059026846729
60,7+7+2,1,16.0,41.5496403307799,41.5496403307799
60,8+3+2,1,13.0,50.478907451660106,50.478907451660106
60,8+4+4,1,16.0,42.38823672145053,42.38823672145053
60,8+5+4,1,17.0,45.555161014610285,45.555161014610285
60,8+7+1,1,16.0,53.00392154503408,53.00392154503408
60,8+7+2,1,17.0,41.15237214093903,41.15237214093903
60,8+7+4,1,19.0,44.09265978096866,44.09265978096866
60,9+4+1,1,14.0,49.99911217568102,49.99911217568102
