wait_min,n_satellites,cases,median_crlb_m,p25_crlb_m,p75_crlb_m,p90_crlb_m
5,3,4,163.44591359578783,144.03609172715295,180.56619475139695,181.2605081291457
5,4,3,123.52281919709029,118.79104724195945,123.77035747153204,123.91888043619707
5,5,2,81.40255400987246,74.2364230411612,88.56868497858372,92.86836355981046
10,3,9,179.4858682031846,146.71136209448355,181.72338371431152,196.50048336142225
10,4,21,123.52281919709029,109.67300334945382,127.93526367497054,155.69806700775538
10,5,20,95.73481594729496,83.05386138900826,109.77012706328244,117.15661157401064
10,6,4,85.4324684085764,66.81951255502932,112.40025894511794,127.438961374508
10,7,2,65.484478522259,65.41888065336236,65.55007639115561,65.58943511249359
15,3,8,162.85508997087106,140.48069594653606,181.72338371431152,181.72338371431152
15,4,35,97.02569880091232,71.09920800473213,123.52281919709029,148.0203426803526
15,5,43,105.23097240143007,89.54907404769115,122.1684118783628,185.38366466989183
15,6,19,90.15818182728259,81.24149737100639,111.21823846927975,122.87944831654147
15,7,10,94.70426702404514,65.62041810054046,114.0445752726647,115.87146558818239
15,8,3,65.12440630277129,65.12440630277129,69.8956795540885,72.75844350487881
20,3,14,144.28694569738514,133.9283180389221,180.15935658113062,274.6669462114577
20,4,56,97.02569880091232,71.41331124424791,123.52281919709029,171.3516752743699
20,5,72,96.72621423962536,84.15559303478942,112.91484099281777,188.32665012883677
20,6,56,90.15818182728259,80.08570372672648,109.27466522482402,127.01747278687293
20,7,22,96.03476731724416,67.48673241707644,111.85576828914886,112.94766434243843
20,8,15,65.12440630277129,58.5975187182089,72.8364452104267,74.6669528054057
30,3,5,163.83752001058994,142.4857419500591,250.887649530853,349.91294226818627
30,4,35,92.39435045591502,70.47100152570061,117.55991565501357,140.10692407817442
30,5,72,95.73481594729496,80.32207885723973,124.00723361116185,169.92346392234168
30,6,121,86.00599144012887,65.24265697661488,112.18646976440172,140.8542141803649
30,7,85,76.10548645860293,63.80673609715179,94.55623432762447,111.85576828914886
30,8,79,74.6669528054057,65.12440630277129,84.29810293960773,102.98026203683935
30,9,45,65.72848478639797,56.19390407518649,75.80180275316631,90.7701383268499
30,10,25,55.95183362723969,49.7678308821296,60.8991421285966,64.38726394995705
30,11,6,54.62813806648071,49.97785722409101,59.995246289427584,61.78428236374321
45,5,3,78.86276252613284,73.60162642782052,86.59305059313147,91.23122343333064
45,6,27,76.8773698876355,65.58865602826411,91.41877270957295,128.4141448739383
45,7,65,64.98116481271485,58.198111196321754,74.39019800659248,94.55623432762447
45,8,103,64.45230944620857,56.89079440304454,80.88241189984345,96.28669510987314
45,9,92,65.43937235533971,56.220093094659546,74.43410896151123,82.30481839276757
45,10,129,58.163202352817095,53.08668330111904,62.74884465503611,69.78936305972356
45,11,116,56.82247815032546,52.43361175495168,61.63211283010504,66.36435596343927
45,12,66,57.070518541044564,51.25049049905287,59.418276134326575,63.83829446258497
45,13,31,53.570967861299685,52.28366054891801,56.13350181782377,56.387817925456616
45,14,8,60.43025280388212,54.40737853971376,61.95857045873434,64.27563330536417
45,15,3,46.39864526039223,46.39864526039223,46.39864526039223,46.39864526039223
60,7,1,55.42291969301837,55.42291969301837,55.42291969301837,55.42291969301837
60,8,4,54.106382158395405,54.106382158395405,54.220304874196394,54.42536576263818
60,9,11,62.985846039585674,57.199562157132114,82.30481839276757,82.30481839276757
60,10,41,58.66799241540341,53.34196865188019,61.59180976825123,67.21873346405529
60,11,109,52.962740613641095,49.62430002709231,58.482799769284604,68.01997251169813
60,12,131,52.44051292784423,48.74883380302271,56.74065884366685,62.452920953502456
60,13,157,50.29397287358547,46.69721615788138,56.387817925456616,62.323495784605896
60,14,110,47.7972563897172,45.74469351414445,52.27878949428009,56.94457466245459
60,15,72,47.72519579420844,44.59613103349419,51.04542593738694,53.71789370792424
60,16,26,48.692612107516865,46.06972136961991,51.41654771191438,56.437304969110684
60,17,15,47.956264672688036,45.71285239654354,50.891632849743246,54.07124143025019
60,18,3,49.13842536742893,46.63248138704524,50.11251430916171,50.69696767420138
60,19,1,44.09265978096866,44.09265978096866,44.09265978096866,44.09265978096866
