start_offset_s,target_m,first_wait_min
0,500,33.0
0,200,33.0
0,100,33.0
0,50,
120,500,31.0
120,200,31.0
120,100,31.0
120,50,
240,500,29.0
240,200,29.0
240,100,29.0
240,50,
360,500,27.0
360,200,27.0
360,100,27.0
360,50,
480,500,25.0
480,200,25.0
480,100,25.0
480,50,60.0
600,500,23.0
600,200,23.0
600,100,23.0
600,50,59.0
720,500,35.0
720,200,35.0
720,100,35.0
720,50,
840,500,33.0
840,200,33.0
840,100,33.0
840,50,
960,500,31.0
960,200,31.0
960,100,31.0
960,50,
1080,500,29.0
1080,200,29.0
1080,100,29.0
1080,50,
1200,500,27.0
1200,200,27.0
1200,100,27.0
1200,50,
1320,500,25.0
1320,200,25.0
1320,100,25.0
1320,50,
1440,500,23.0
1440,200,23.0
1440,100,23.0
1440,50,
1560,500,21.0
1560,200,21.0
1560,100,21.0
1560,50,
1680,500,19.0
1680,200,19.0
1680,100,19.0
1680,50,
1800,500,17.0
1800,200,17.0
1800,100,17.0
1800,50,
1920,500,15.0
1920,200,15.0
1920,100,15.0
1920,50,
2040,500,34.0
2040,200,34.0
2040,100,49.0
2040,50,
2160,500,32.0
2160,200,32.0
2160,100,49.0
2160,50,
2280,500,30.0
2280,200,30.0
2280,100,47.0
2280,50,
2400,500,28.0
2400,200,28.0
2400,100,45.0
2400,50,
2520,500,26.0
2520,200,26.0
2520,100,43.0
2520,50,
2640,500,24.0
2640,200,24.0
2640,100,41.0
2640,50,
2760,500,22.0
2760,200,22.0
2760,100,39.0
2760,50,
2880,500,20.0
2880,200,20.0
2880,100,41.0
2880,50,
3000,500,18.0
3000,200,18.0
3000,100,39.0
3000,50,
3120,500,16.0
3120,200,16.0
3120,100,37.0
3120,50,
3240,500,14.0
3240,200,14.0
3240,100,35.0
3240,50,
3360,500,12.0
3360,200,12.0
3360,100,33.0
3360,50,
3480,500,58.0
3480,200,58.0
3480,100,58.0
3480,50,
3600,500,56.0
3600,200,56.0
3600,100,56.0
3600,50,
3720,500,54.0
3720,200,54.0
3720,100,54.0
3720,50,
3840,500,52.0
3840,200,52.0
3840,100,52.0
3840,50,
3960,500,50.0
3960,200,50.0
3960,100,50.0
3960,50,
4080,500,48.0
4080,200,48.0
4080,100,48.0
4080,50,
4200,500,46.0
4200,200,46.0
4200,100,46.0
4200,50,
4320,500,44.0
4320,200,44.0
4320,100,44.0
4320,50,
4440,500,42.0
4440,200,42.0
4440,100,42.0
4440,50,60.0
4560,500,40.0
4560,200,40.0
4560,100,40.0
4560,50,58.0
4680,500,38.0
4680,200,38.0
4680,100,38.0
4680,50,56.0
4800,500,36.0
4800,200,36.0
4800,100,36.0
4800,50,54.0
4920,500,34.0
4920,200,34.0
4920,100,34.0
4920,50,52.0
5040,500,32.0
5040,200,32.0
5040,100,32.0
5040,50,52.0
5160,500,30.0
5160,200,30.0
5160,100,30.0
5160,50,50.0
5280,500,28.0
5280,200,28.0
5280,100,28.0
5280,50,48.0
5400,500,26.0
5400,200,26.0
5400,100,28.0
5400,50,54.0
5520,500,24.0
5520,200,24.0
5520,100,27.0
5520,50,
5640,500,22.0
5640,200,22.0
5640,100,25.0
5640,50,
5760,500,20.0
5760,200,20.0
5760,100,23.0
5760,50,
5880,500,18.0
5880,200,18.0
5880,100,21.0
5880,50,
6000,500,16.0
6000,200,16.0
6000,100,19.0
6000,50,
6120,500,14.0
6120,200,14.0
6120,100,17.0
6120,50,
6240,500,12.0
6240,200,12.0
6240,100,15.0
6240,50,59.0
6360,500,10.0
6360,200,10.0
6360,100,13.0
6360,50,57.0
6480,500,8.0
6480,200,10.0
6480,100,22.0
6480,50,
6600,500,8.0
6600,200,8.0
6600,100,20.0
6600,50,
6720,500,18.0
6720,200,18.0
6720,100,18.0
6720,50,
6840,500,16.0
6840,200,16.0
6840,100,16.0
6840,50,60.0
6960,500,19.0
6960,200,19.0
6960,100,20.0
6960,50,
7080,500,17.0
7080,200,17.0
7080,100,18.0
7080,50,59.0
7200,500,43.0
7200,200,43.0
7200,100,43.0
7200,50,57.0
7320,500,41.0
7320,200,41.0
7320,100,41.0
7320,50,55.0
7440,500,39.0
7440,200,39.0
7440,100,39.0
7440,50,53.0
7560,500,37.0
7560,200,37.0
7560,100,37.0
7560,50,51.0
7680,500,35.0
7680,200,35.0
7680,100,35.0
7680,50,49.0
7800,500,33.0
7800,200,33.0
7800,100,33.0
7800,50,
7920,500,31.0
7920,200,31.0
7920,100,31.0
7920,50,
8040,500,29.0
8040,200,29.0
8040,100,29.0
8040,50,
8160,500,27.0
8160,200,27.0
8160,100,27.0
8160,50,
8280,500,25.0
8280,200,25.0
8280,100,25.0
8280,50,
8400,500,23.0
8400,200,23.0
8400,100,23.0
8400,50,60.0
8520,500,31.0
8520,200,31.0
8520,100,49.0
8520,50,
8640,500,30.0
8640,200,30.0
8640,100,47.0
8640,50,
8760,500,28.0
8760,200,28.0
8760,100,45.0
8760,50,
8880,500,26.0
8880,200,26.0
8880,100,43.0
8880,50,
9000,500,24.0
9000,200,24.0
9000,100,41.0
9000,50,
9120,500,22.0
9120,200,22.0
9120,100,39.0
9120,50,
9240,500,20.0
9240,200,20.0
9240,100,37.0
9240,50,
9360,500,18.0
9360,200,18.0
9360,100,35.0
9360,50,
9480,500,16.0
9480,200,16.0
9480,100,33.0
9480,50,
9600,500,14.0
9600,200,14.0
9600,100,31.0
9600,50,
9720,500,12.0
9720,200,12.0
9720,100,29.0
9720,50,
9840,500,10.0
9840,200,10.0
9840,100,27.0
9840,50,
9960,500,8.0
9960,200,8.0
9960,100,25.0
9960,50,
10080,500,8.0
10080,200,8.0
10080,100,23.0
10080,50,59.0
10200,500,6.0
10200,200,6.0
10200,100,21.0
10200,50,57.0
10320,500,4.0
10320,200,4.0
10320,100,19.0
10320,50,55.0
10440,500,23.0
10440,200,23.0
10440,100,23.0
10440,50,53.0
10560,500,21.0
10560,200,21.0
10560,100,21.0
10560,50,51.0
10680,500,28.0
10680,200,28.0
10680,100,28.0
10680,50,
10800,500,26.0
10800,200,26.0
10800,100,26.0
10800,50,
10920,500,24.0
10920,200,24.0
10920,100,24.0
10920,50,
11040,500,22.0
11040,200,22.0
11040,100,22.0
11040,50,
11160,500,20.0
11160,200,20.0
11160,100,20.0
11160,50,
11280,500,18.0
11280,200,18.0
11280,100,18.0
11280,50,
11400,500,16.0
11400,200,16.0
11400,100,16.0
11400,50,59.0
11520,500,14.0
11520,200,14.0
11520,100,14.0
11520,50,57.0
11640,500,12.0
11640,200,12.0
11640,100,12.0
11640,50,55.0
11760,500,10.0
11760,200,10.0
11760,100,10.0
11760,50,53.0
11880,500,8.0
11880,200,8.0
11880,100,27.0
11880,50,
12000,500,27.0
12000,200,27.0
12000,100,27.0
12000,50,
12120,500,25.0
12120,200,25.0
12120,100,25.0
12120,50,
12240,500,23.0
12240,200,23.0
12240,100,23.0
12240,50,
12360,500,21.0
12360,200,21.0
12360,100,21.0
12360,50,
12480,500,19.0
12480,200,19.0
12480,100,19.0
12480,50,
12600,500,17.0
12600,200,17.0
12600,100,17.0
12600,50,
12720,500,15.0
12720,200,15.0
12720,100,15.0
12720,50,
12840,500,13.0
12840,200,13.0
12840,100,13.0
12840,50,
12960,500,11.0
12960,200,11.0
12960,100,11.0
12960,50,
13080,500,9.0
13080,200,9.0
13080,100,9.0
13080,50,
13200,500,7.0
13200,200,7.0
13200,100,7.0
13200,50,
13320,500,5.0
13320,200,5.0
13320,100,5.0
13320,50,60.0
13440,500,28.0
13440,200,28.0
13440,100,28.0
13440,50,60.0
13560,500,26.0
13560,200,26.0
13560,100,26.0
13560,50,59.0
13680,500,40.0
13680,200,40.0
13680,100,40.0
13680,50,
13800,500,38.0
13800,200,38.0
13800,100,38.0
13800,50,59.0
13920,500,36.0
13920,200,36.0
13920,100,36.0
13920,50,57.0
14040,500,34.0
14040,200,34.0
14040,100,34.0
14040,50,55.0
14160,500,32.0
14160,200,32.0
14160,100,32.0
14160,50,53.0
14280,500,30.0
14280,200,30.0
14280,100,30.0
14280,50,51.0
14400,500,28.0
14400,200,28.0
14400,100,28.0
14400,50,49.0
14520,500,26.0
14520,200,26.0
14520,100,26.0
14520,50,47.0
14640,500,24.0
14640,200,24.0
14640,100,24.0
14640,50,45.0
14760,500,22.0
14760,200,22.0
14760,100,22.0
14760,50,
14880,500,20.0
14880,200,20.0
14880,100,20.0
14880,50,60.0
15000,500,39.0
15000,200,39.0
15000,100,39.0
15000,50,58.0
15120,500,37.0
15120,200,37.0
15120,100,37.0
15120,50,
15240,500,35.0
15240,200,35.0
15240,100,35.0
15240,50,60.0
15360,500,33.0
15360,200,33.0
15360,100,33.0
15360,50,58.0
15480,500,31.0
15480,200,31.0
15480,100,31.0
15480,50,56.0
15600,500,29.0
15600,200,29.0
15600,100,29.0
15600,50,54.0
15720,500,27.0
15720,200,27.0
15720,100,27.0
15720,50,52.0
15840,500,25.0
15840,200,25.0
15840,100,25.0
15840,50,50.0
15960,500,23.0
15960,200,23.0
15960,100,23.0
15960,50,48.0
16080,500,21.0
16080,200,21.0
16080,100,21.0
16080,50,
16200,500,19.0
16200,200,19.0
16200,100,19.0
16200,50,
16320,500,17.0
16320,200,17.0
16320,100,17.0
16320,50,
16440,500,15.0
16440,200,15.0
16440,100,15.0
16440,50,
16560,500,13.0
16560,200,13.0
16560,100,13.0
16560,50,59.0
16680,500,11.0
16680,200,11.0
16680,100,11.0
16680,50,57.0
16800,500,9.0
16800,200,9.0
16800,100,9.0
16800,50,55.0
16920,500,20.0
16920,200,20.0
16920,100,20.0
16920,50,
17040,500,18.0
17040,200,18.0
17040,100,18.0
17040,50,
17160,500,36.0
17160,200,36.0
17160,100,36.0
17160,50,
17280,500,34.0
17280,200,34.0
17280,100,34.0
17280,50,
17400,500,32.0
17400,200,32.0
17400,100,32.0
17400,50,
17520,500,30.0
17520,200,30.0
17520,100,30.0
17520,50,
17640,500,28.0
17640,200,28.0
17640,100,28.0
17640,50,
17760,500,26.0
17760,200,26.0
17760,100,26.0
17760,50,
17880,500,24.0
17880,200,24.0
17880,100,24.0
17880,50,
18000,500,22.0
18000,200,22.0
18000,100,22.0
18000,50,
18120,500,20.0
18120,200,20.0
18120,100,20.0
18120,50,60.0
18240,500,18.0
18240,200,18.0
18240,100,18.0
18240,50,58.0
18360,500,16.0
18360,200,16.0
18360,100,16.0
18360,50,56.0
18480,500,35.0
18480,200,35.0
18480,100,49.0
18480,50,
18600,500,33.0
18600,200,33.0
18600,100,47.0
18600,50,
18720,500,31.0
18720,200,31.0
18720,100,45.0
18720,50,
18840,500,29.0
18840,200,29.0
18840,100,43.0
18840,50,
18960,500,27.0
18960,200,27.0
18960,100,41.0
18960,50,
19080,500,25.0
19080,200,25.0
19080,100,39.0
19080,50,
19200,500,23.0
19200,200,23.0
19200,100,37.0
19200,50,
19320,500,21.0
19320,200,21.0
19320,100,35.0
19320,50,
19440,500,19.0
19440,200,19.0
19440,100,33.0
19440,50,60.0
19560,500,17.0
19560,200,17.0
19560,100,31.0
19560,50,58.0
19680,500,15.0
19680,200,15.0
19680,100,29.0
19680,50,56.0
19800,500,13.0
19800,200,13.0
19800,100,27.0
19800,50,54.0
19920,500,28.0
19920,200,28.0
19920,100,28.0
19920,50,58.0
20040,500,26.0
20040,200,26.0
20040,100,26.0
20040,50,56.0
20160,500,24.0
20160,200,24.0
20160,100,24.0
20160,50,54.0
20280,500,22.0
20280,200,22.0
20280,100,22.0
20280,50,52.0
20400,500,20.0
20400,200,20.0
20400,100,20.0
20400,50,50.0
20520,500,42.0
20520,200,42.0
20520,100,42.0
20520,50,51.0
20640,500,40.0
20640,200,40.0
20640,100,40.0
20640,50,49.0
20760,500,38.0
20760,200,38.0
20760,100,38.0
20760,50,47.0
20880,500,36.0
20880,200,36.0
20880,100,36.0
20880,50,45.0
21000,500,34.0
21000,200,34.0
21000,100,34.0
21000,50,43.0
21120,500,32.0
21120,200,32.0
21120,100,32.0
21120,50,41.0
21240,500,30.0
21240,200,30.0
21240,100,30.0
21240,50,39.0
21360,500,28.0
21360,200,28.0
21360,100,28.0
21360,50,37.0
21480,500,26.0
21480,200,26.0
21480,100,26.0
21480,50,58.0
21600,500,24.0
21600,200,24.0
21600,100,24.0
21600,50,58.0
21720,500,22.0
21720,200,22.0
21720,100,22.0
21720,50,
21840,500,20.0
21840,200,20.0
21840,100,20.0
21840,50,60.0
21960,500,39.0
21960,200,39.0
21960,100,39.0
21960,50,58.0
22080,500,37.0
22080,200,37.0
22080,100,37.0
22080,50,56.0
22200,500,35.0
22200,200,35.0
22200,100,35.0
22200,50,54.0
22320,500,33.0
22320,200,33.0
22320,100,33.0
22320,50,52.0
22440,500,31.0
22440,200,31.0
22440,100,31.0
22440,50,50.0
22560,500,29.0
22560,200,29.0
22560,100,29.0
22560,50,48.0
22680,500,27.0
22680,200,27.0
22680,100,27.0
22680,50,46.0
22800,500,25.0
22800,200,25.0
22800,100,25.0
22800,50,44.0
22920,500,23.0
22920,200,23.0
22920,100,23.0
22920,50,42.0
23040,500,21.0
23040,200,21.0
23040,100,21.0
23040,50,56.0
23160,500,19.0
23160,200,19.0
23160,100,19.0
23160,50,54.0
23280,500,17.0
23280,200,17.0
23280,100,17.0
23280,50,52.0
23400,500,28.0
23400,200,28.0
23400,100,28.0
23400,50,
23520,500,26.0
23520,200,26.0
23520,100,26.0
23520,50,
23640,500,24.0
23640,200,24.0
23640,100,30.0
23640,50,
23760,500,22.0
23760,200,22.0
23760,100,28.0
23760,50,
23880,500,20.0
23880,200,20.0
23880,100,26.0
23880,50,
24000,500,18.0
24000,200,18.0
24000,100,24.0
24000,50,
24120,500,16.0
24120,200,16.0
24120,100,22.0
24120,50,
24240,500,38.0
24240,200,38.0
24240,100,38.0
24240,50,
24360,500,36.0
24360,200,36.0
24360,100,36.0
24360,50,
24480,500,34.0
24480,200,34.0
24480,100,34.0
24480,50,
24600,500,32.0
24600,200,32.0
24600,100,32.0
24600,50,
24720,500,30.0
24720,200,30.0
24720,100,30.0
24720,50,
24840,500,28.0
24840,200,28.0
24840,100,28.0
24840,50,
24960,500,26.0
24960,200,26.0
24960,100,26.0
24960,50,
25080,500,24.0
25080,200,24.0
25080,100,33.0
25080,50,
25200,500,22.0
25200,200,22.0
25200,100,31.0
25200,50,
25320,500,20.0
25320,200,20.0
25320,100,29.0
25320,50,
25440,500,41.0
25440,200,41.0
25440,100,41.0
25440,50,
25560,500,39.0
25560,200,39.0
25560,100,39.0
25560,50,
25680,500,37.0
25680,200,37.0
25680,100,37.0
25680,50,
25800,500,35.0
25800,200,35.0
25800,100,35.0
25800,50,
25920,500,33.0
25920,200,33.0
25920,100,33.0
25920,50,
26040,500,31.0
26040,200,31.0
26040,100,31.0
26040,50,
26160,500,29.0
26160,200,29.0
26160,100,29.0
26160,50,
26280,500,27.0
26280,200,27.0
26280,100,27.0
26280,50,
26400,500,28.0
26400,200,28.0
26400,100,28.0
26400,50,
26520,500,26.0
26520,200,26.0
26520,100,26.0
26520,50,
26640,500,24.0
26640,200,24.0
26640,100,24.0
26640,50,
26760,500,22.0
26760,200,22.0
26760,100,22.0
26760,50,
26880,500,20.0
26880,200,20.0
26880,100,20.0
26880,50,
27000,500,18.0
27000,200,18.0
27000,100,18.0
27000,50,
27120,500,16.0
27120,200,16.0
27120,100,42.0
27120,50,
27240,500,14.0
27240,200,14.0
27240,100,40.0
27240,50,
27360,500,12.0
27360,200,12.0
27360,100,38.0
27360,50,
27480,500,34.0
27480,200,34.0
27480,100,36.0
27480,50,
27600,500,32.0
27600,200,32.0
27600,100,34.0
27600,50,
27720,500,30.0
27720,200,30.0
27720,100,32.0
27720,50,
27840,500,28.0
27840,200,28.0
27840,100,30.0
27840,50,
27960,500,26.0
27960,200,28.0
27960,100,34.0
27960,50,
28080,500,47.0
28080,200,47.0
28080,100,47.0
28080,50,
28200,500,45.0
28200,200,45.0
28200,100,45.0
28200,50,
28320,500,43.0
28320,200,43.0
28320,100,43.0
28320,50,
28440,500,41.0
28440,200,41.0
28440,100,41.0
28440,50,
28560,500,39.0
28560,200,39.0
28560,100,39.0
28560,50,
28680,500,37.0
28680,200,37.0
28680,100,37.0
28680,50,
28800,500,35.0
28800,200,35.0
28800,100,35.0
28800,50,
28920,500,33.0
28920,200,33.0
28920,100,33.0
28920,50,
29040,500,31.0
29040,200,31.0
29040,100,31.0
29040,50,
29160,500,29.0
29160,200,29.0
29160,100,29.0
29160,50,
29280,500,27.0
29280,200,27.0
29280,100,27.0
29280,50,
29400,500,25.0
29400,200,25.0
29400,100,25.0
29400,50,
29520,500,23.0
29520,200,23.0
29520,100,23.0
29520,50,
29640,500,21.0
29640,200,21.0
29640,100,21.0
29640,50,
29760,500,19.0
29760,200,19.0
29760,100,19.0
29760,50,
29880,500,28.0
29880,200,28.0
29880,100,28.0
29880,50,
30000,500,26.0
30000,200,26.0
30000,100,26.0
30000,50,
30120,500,24.0
30120,200,24.0
30120,100,56.0
30120,50,
30240,500,22.0
30240,200,22.0
30240,100,54.0
30240,50,
30360,500,20.0
30360,200,20.0
30360,100,52.0
30360,50,
30480,500,18.0
30480,200,18.0
30480,100,50.0
30480,50,
30600,500,16.0
30600,200,16.0
30600,100,48.0
30600,50,
30720,500,14.0
30720,200,14.0
30720,100,46.0
30720,50,
30840,500,12.0
30840,200,12.0
30840,100,44.0
30840,50,
30960,500,10.0
30960,200,10.0
30960,100,43.0
30960,50,
31080,500,8.0
31080,200,8.0
31080,100,41.0
31080,50,
31200,500,30.0
31200,200,30.0
31200,100,39.0
31200,50,
31320,500,28.0
31320,200,28.0
31320,100,37.0
31320,50,
31440,500,26.0
31440,200,34.0
31440,100,49.0
31440,50,
31560,500,30.0
31560,200,36.0
31560,100,47.0
31560,50,
31680,500,28.0
31680,200,34.0
31680,100,45.0
31680,50,
31800,500,26.0
31800,200,32.0
31800,100,43.0
31800,50,
31920,500,24.0
31920,200,30.0
31920,100,41.0
31920,50,
32040,500,22.0
32040,200,28.0
32040,100,39.0
32040,50,
32160,500,20.0
32160,200,26.0
32160,100,37.0
32160,50,
32280,500,18.0
32280,200,24.0
32280,100,35.0
32280,50,
32400,500,33.0
32400,200,33.0
32400,100,33.0
32400,50,
32520,500,31.0
32520,200,31.0
32520,100,31.0
32520,50,
32640,500,29.0
32640,200,29.0
32640,100,29.0
32640,50,
32760,500,27.0
32760,200,27.0
32760,100,27.0
32760,50,
32880,500,25.0
32880,200,25.0
32880,100,25.0
32880,50,
33000,500,23.0
33000,200,23.0
33000,100,23.0
33000,50,59.0
33120,500,21.0
33120,200,21.0
33120,100,21.0
33120,50,57.0
33240,500,19.0
33240,200,19.0
33240,100,19.0
33240,50,55.0
33360,500,20.0
33360,200,20.0
33360,100,20.0
33360,50,53.0
33480,500,18.0
33480,200,18.0
33480,100,18.0
33480,50,51.0
33600,500,16.0
33600,200,16.0
33600,100,16.0
33600,50,51.0
33720,500,19.0
33720,200,19.0
33720,100,21.0
33720,50,
33840,500,17.0
33840,200,17.0
33840,100,19.0
33840,50,
33960,500,15.0
33960,200,15.0
33960,100,17.0
33960,50,
34080,500,13.0
34080,200,13.0
34080,100,15.0
34080,50,
34200,500,11.0
34200,200,11.0
34200,100,13.0
34200,50,60.0
34320,500,9.0
34320,200,9.0
34320,100,11.0
34320,50,58.0
34440,500,8.0
34440,200,8.0
34440,100,32.0
34440,50,56.0
34560,500,30.0
34560,200,30.0
34560,100,32.0
34560,50,57.0
34680,500,28.0
34680,200,28.0
34680,100,30.0
34680,50,55.0
34800,500,26.0
34800,200,26.0
34800,100,28.0
34800,50,53.0
34920,500,26.0
34920,200,26.0
34920,100,26.0
34920,50,51.0
35040,500,46.0
35040,200,46.0
35040,100,46.0
35040,50,
35160,500,44.0
35160,200,44.0
35160,100,44.0
35160,50,59.0
35280,500,42.0
35280,200,42.0
35280,100,42.0
35280,50,57.0
35400,500,40.0
35400,200,40.0
35400,100,40.0
35400,50,55.0
35520,500,38.0
35520,200,38.0
35520,100,38.0
35520,50,53.0
35640,500,36.0
35640,200,36.0
35640,100,36.0
35640,50,51.0
35760,500,34.0
35760,200,34.0
35760,100,34.0
35760,50,49.0
35880,500,32.0
35880,200,32.0
35880,100,32.0
35880,50,47.0
36000,500,30.0
36000,200,30.0
36000,100,30.0
36000,50,45.0
36120,500,28.0
36120,200,28.0
36120,100,28.0
36120,50,43.0
36240,500,26.0
36240,200,26.0
36240,100,26.0
36240,50,41.0
36360,500,24.0
36360,200,24.0
36360,100,24.0
36360,50,58.0
36480,500,22.0
36480,200,22.0
36480,100,22.0
36480,50,
36600,500,20.0
36600,200,20.0
36600,100,23.0
36600,50,
36720,500,21.0
36720,200,21.0
36720,100,21.0
36720,50,
36840,500,19.0
36840,200,19.0
36840,100,19.0
36840,50,
36960,500,17.0
36960,200,17.0
36960,100,17.0
36960,50,
37080,500,15.0
37080,200,15.0
37080,100,15.0
37080,50,
37200,500,13.0
37200,200,13.0
37200,100,13.0
37200,50,59.0
37320,500,11.0
37320,200,11.0
37320,100,11.0
37320,50,57.0
37440,500,34.0
37440,200,34.0
37440,100,34.0
37440,50,55.0
37560,500,32.0
37560,200,32.0
37560,100,32.0
37560,50,53.0
37680,500,30.0
37680,200,30.0
37680,100,30.0
37680,50,51.0
37800,500,28.0
37800,200,28.0
37800,100,34.0
37800,50,52.0
37920,500,26.0
37920,200,26.0
37920,100,34.0
37920,50,50.0
38040,500,30.0
38040,200,30.0
38040,100,38.0
38040,50,48.0
38160,500,28.0
38160,200,28.0
38160,100,36.0
38160,50,46.0
38280,500,26.0
38280,200,26.0
38280,100,34.0
38280,50,44.0
38400,500,24.0
38400,200,24.0
38400,100,32.0
38400,50,42.0
38520,500,22.0
38520,200,22.0
38520,100,30.0
38520,50,40.0
38640,500,20.0
38640,200,20.0
38640,100,28.0
38640,50,38.0
38760,500,35.0
38760,200,35.0
38760,100,35.0
38760,50,36.0
38880,500,33.0
38880,200,33.0
38880,100,33.0
38880,50,34.0
39000,500,31.0
39000,200,31.0
39000,100,31.0
39000,50,32.0
39120,500,29.0
39120,200,29.0
39120,100,29.0
39120,50,30.0
39240,500,27.0
39240,200,27.0
39240,100,27.0
39240,50,28.0
39360,500,25.0
39360,200,25.0
39360,100,25.0
39360,50,26.0
39480,500,23.0
39480,200,23.0
39480,100,23.0
39480,50,26.0
39600,500,21.0
39600,200,21.0
39600,100,21.0
39600,50,24.0
39720,500,19.0
39720,200,19.0
39720,100,19.0
39720,50,22.0
39840,500,17.0
39840,200,17.0
39840,100,17.0
39840,50,20.0
39960,500,15.0
39960,200,15.0
39960,100,15.0
39960,50,50.0
40080,500,13.0
40080,200,13.0
40080,100,13.0
40080,50,48.0
40200,500,11.0
40200,200,11.0
40200,100,11.0
40200,50,46.0
40320,500,9.0
40320,200,9.0
40320,100,9.0
40320,50,46.0
40440,500,10.0
40440,200,10.0
40440,100,10.0
40440,50,44.0
40560,500,8.0
40560,200,8.0
40560,100,8.0
40560,50,42.0
40680,500,6.0
40680,200,6.0
40680,100,19.0
40680,50,
40800,500,17.0
40800,200,17.0
40800,100,17.0
40800,50,60.0
40920,500,15.0
40920,200,15.0
40920,100,36.0
40920,50,
41040,500,40.0
41040,200,40.0
41040,100,40.0
41040,50,
41160,500,38.0
41160,200,38.0
41160,100,38.0
41160,50,
41280,500,36.0
41280,200,36.0
41280,100,36.0
41280,50,
41400,500,34.0
41400,200,34.0
41400,100,34.0
41400,50,
41520,500,32.0
41520,200,32.0
41520,100,32.0
41520,50,
41640,500,30.0
41640,200,30.0
41640,100,30.0
41640,50,
41760,500,28.0
41760,200,28.0
41760,100,28.0
41760,50,
41880,500,26.0
41880,200,26.0
41880,100,26.0
41880,50,
42000,500,24.0
42000,200,24.0
42000,100,24.0
42000,50,
42120,500,22.0
42120,200,22.0
42120,100,22.0
42120,50,
42240,500,20.0
42240,200,20.0
42240,100,20.0
42240,50,
42360,500,18.0
42360,200,18.0
42360,100,18.0
42360,50,
42480,500,16.0
42480,200,16.0
42480,100,16.0
42480,50,60.0
42600,500,14.0
42600,200,14.0
42600,100,14.0
42600,50,58.0
42720,500,12.0
42720,200,12.0
42720,100,12.0
42720,50,56.0
42840,500,10.0
42840,200,10.0
42840,100,10.0
42840,50,54.0
42960,500,24.0
42960,200,24.0
42960,100,24.0
42960,50,58.0
43080,500,22.0
43080,200,22.0
43080,100,22.0
43080,50,
43200,500,20.0
43200,200,20.0
43200,100,20.0
43200,50,60.0
43320,500,18.0
43320,200,18.0
43320,100,18.0
43320,50,58.0
43440,500,
43440,200,
43440,100,
43440,50,
43560,500,60.0
43560,200,60.0
43560,100,60.0
43560,50,60.0
43680,500,58.0
43680,200,58.0
43680,100,58.0
43680,50,58.0
43800,500,56.0
43800,200,56.0
43800,100,56.0
43800,50,56.0
43920,500,54.0
43920,200,54.0
43920,100,54.0
43920,50,54.0
44040,500,52.0
44040,200,52.0
44040,100,52.0
44040,50,52.0
44160,500,50.0
44160,200,50.0
44160,100,50.0
44160,50,50.0
44280,500,48.0
44280,200,48.0
44280,100,48.0
44280,50,48.0
44400,500,46.0
44400,200,46.0
44400,100,46.0
44400,50,49.0
44520,500,44.0
44520,200,44.0
44520,100,44.0
44520,50,47.0
44640,500,42.0
44640,200,42.0
44640,100,42.0
44640,50,45.0
44760,500,40.0
44760,200,40.0
44760,100,40.0
44760,50,43.0
44880,500,38.0
44880,200,38.0
44880,100,38.0
44880,50,41.0
45000,500,36.0
45000,200,36.0
45000,100,36.0
45000,50,39.0
45120,500,34.0
45120,200,34.0
45120,100,34.0
45120,50,37.0
45240,500,32.0
45240,200,32.0
45240,100,32.0
45240,50,35.0
45360,500,30.0
45360,200,30.0
45360,100,30.0
45360,50,33.0
45480,500,28.0
45480,200,28.0
45480,100,28.0
45480,50,31.0
45600,500,26.0
45600,200,26.0
45600,100,26.0
45600,50,29.0
45720,500,24.0
45720,200,24.0
45720,100,24.0
45720,50,27.0
45840,500,22.0
45840,200,22.0
45840,100,22.0
45840,50,25.0
45960,500,20.0
45960,200,20.0
45960,100,20.0
45960,50,23.0
46080,500,18.0
46080,200,18.0
46080,100,18.0
46080,50,55.0
46200,500,16.0
46200,200,16.0
46200,100,16.0
46200,50,53.0
46320,500,14.0
46320,200,14.0
46320,100,14.0
46320,50,51.0
46440,500,12.0
46440,200,12.0
46440,100,12.0
46440,50,
46560,500,19.0
46560,200,19.0
46560,100,19.0
46560,50,
46680,500,17.0
46680,200,17.0
46680,100,17.0
46680,50,
46800,500,15.0
46800,200,15.0
46800,100,15.0
46800,50,
46920,500,13.0
46920,200,13.0
46920,100,13.0
46920,50,
47040,500,11.0
47040,200,11.0
47040,100,11.0
47040,50,
47160,500,9.0
47160,200,9.0
47160,100,36.0
47160,50,
47280,500,7.0
47280,200,7.0
47280,100,34.0
47280,50,
47400,500,9.0
47400,200,9.0
47400,100,33.0
47400,50,
47520,500,7.0
47520,200,7.0
47520,100,31.0
47520,50,
47640,500,5.0
47640,200,5.0
47640,100,29.0
47640,50,
47760,500,17.0
47760,200,18.0
47760,100,37.0
47760,50,
47880,500,18.0
47880,200,24.0
47880,100,35.0
47880,50,
48000,500,22.0
48000,200,22.0
48000,100,47.0
48000,50,
48120,500,20.0
48120,200,20.0
48120,100,45.0
48120,50,
48240,500,18.0
48240,200,18.0
48240,100,43.0
48240,50,
48360,500,16.0
48360,200,16.0
48360,100,41.0
48360,50,
48480,500,14.0
48480,200,14.0
48480,100,39.0
48480,50,
48600,500,12.0
48600,200,12.0
48600,100,37.0
48600,50,
48720,500,10.0
48720,200,10.0
48720,100,35.0
48720,50,
48840,500,9.0
48840,200,9.0
48840,100,33.0
48840,50,
48960,500,7.0
48960,200,7.0
48960,100,31.0
48960,50,
49080,500,5.0
49080,200,5.0
49080,100,29.0
49080,50,
49200,500,3.0
49200,200,3.0
49200,100,27.0
49200,50,
49320,500,28.0
49320,200,28.0
49320,100,28.0
49320,50,
49440,500,26.0
49440,200,26.0
49440,100,26.0
49440,50,
49560,500,24.0
49560,200,24.0
49560,100,24.0
49560,50,
49680,500,22.0
49680,200,22.0
49680,100,22.0
49680,50,
49800,500,20.0
49800,200,20.0
49800,100,20.0
49800,50,
49920,500,18.0
49920,200,18.0
49920,100,25.0
49920,50,
50040,500,22.0
50040,200,22.0
50040,100,23.0
50040,50,
50160,500,20.0
50160,200,20.0
50160,100,21.0
50160,50,
50280,500,18.0
50280,200,18.0
50280,100,19.0
50280,50,59.0
50400,500,16.0
50400,200,16.0
50400,100,17.0
50400,50,57.0
50520,500,14.0
50520,200,14.0
50520,100,15.0
50520,50,55.0
50640,500,12.0
50640,200,12.0
50640,100,13.0
50640,50,53.0
50760,500,10.0
50760,200,10.0
50760,100,11.0
50760,50,51.0
50880,500,30.0
50880,200,30.0
50880,100,32.0
50880,50,49.0
51000,500,30.0
51000,200,30.0
51000,100,30.0
51000,50,47.0
51120,500,28.0
51120,200,28.0
51120,100,28.0
51120,50,45.0
51240,500,26.0
51240,200,26.0
51240,100,26.0
51240,50,43.0
51360,500,24.0
51360,200,24.0
51360,100,24.0
51360,50,48.0
51480,500,22.0
51480,200,22.0
51480,100,25.0
51480,50,
51600,500,20.0
51600,200,20.0
51600,100,23.0
51600,50,
51720,500,18.0
51720,200,18.0
51720,100,21.0
51720,50,
51840,500,16.0
51840,200,16.0
51840,100,19.0
51840,50,
51960,500,14.0
51960,200,14.0
51960,100,17.0
51960,50,
52080,500,12.0
52080,200,12.0
52080,100,15.0
52080,50,
52200,500,10.0
52200,200,10.0
52200,100,13.0
52200,50,
52320,500,8.0
52320,200,8.0
52320,100,11.0
52320,50,
52440,500,6.0
52440,200,6.0
52440,100,9.0
52440,50,
52560,500,6.0
52560,200,6.0
52560,100,7.0
52560,50,
52680,500,18.0
52680,200,18.0
52680,100,18.0
52680,50,
52800,500,27.0
52800,200,27.0
52800,100,27.0
52800,50,
52920,500,25.0
52920,200,25.0
52920,100,25.0
52920,50,
53040,500,46.0
53040,200,46.0
53040,100,46.0
53040,50,
53160,500,44.0
53160,200,44.0
53160,100,44.0
53160,50,
53280,500,42.0
53280,200,42.0
53280,100,42.0
53280,50,
53400,500,40.0
53400,200,40.0
53400,100,40.0
53400,50,
53520,500,38.0
53520,200,38.0
53520,100,38.0
53520,50,
53640,500,36.0
53640,200,36.0
53640,100,36.0
53640,50,
53760,500,34.0
53760,200,34.0
53760,100,45.0
53760,50,
53880,500,32.0
53880,200,32.0
53880,100,56.0
53880,50,
54000,500,30.0
54000,200,30.0
54000,100,54.0
54000,50,
54120,500,28.0
54120,200,28.0
54120,100,52.0
54120,50,
54240,500,26.0
54240,200,26.0
54240,100,50.0
54240,50,
54360,500,34.0
54360,200,34.0
54360,100,48.0
54360,50,
54480,500,50.0
54480,200,50.0
54480,100,50.0
54480,50,
54600,500,48.0
54600,200,48.0
54600,100,48.0
54600,50,
54720,500,46.0
54720,200,46.0
54720,100,46.0
54720,50,
54840,500,44.0
54840,200,44.0
54840,100,44.0
54840,50,
54960,500,42.0
54960,200,42.0
54960,100,42.0
54960,50,
55080,500,40.0
55080,200,40.0
55080,100,40.0
55080,50,
55200,500,38.0
55200,200,38.0
55200,100,38.0
55200,50,
55320,500,36.0
55320,200,36.0
55320,100,36.0
55320,50,
55440,500,34.0
55440,200,34.0
55440,100,34.0
55440,50,
55560,500,32.0
55560,200,32.0
55560,100,32.0
55560,50,
55680,500,30.0
55680,200,30.0
55680,100,30.0
55680,50,
55800,500,28.0
55800,200,28.0
55800,100,28.0
55800,50,60.0
55920,500,26.0
55920,200,26.0
55920,100,26.0
55920,50,58.0
56040,500,24.0
56040,200,24.0
56040,100,24.0
56040,50,56.0
56160,500,22.0
56160,200,22.0
56160,100,22.0
56160,50,54.0
56280,500,20.0
56280,200,20.0
56280,100,20.0
56280,50,52.0
56400,500,18.0
56400,200,18.0
56400,100,18.0
56400,50,50.0
56520,500,40.0
56520,200,40.0
56520,100,40.0
56520,50,48.0
56640,500,38.0
56640,200,38.0
56640,100,38.0
56640,50,46.0
56760,500,36.0
56760,200,36.0
56760,100,36.0
56760,50,44.0
56880,500,34.0
56880,200,34.0
56880,100,34.0
56880,50,42.0
57000,500,32.0
57000,200,32.0
57000,100,32.0
57000,50,40.0
57120,500,30.0
57120,200,30.0
57120,100,30.0
57120,50,38.0
57240,500,28.0
57240,200,28.0
57240,100,28.0
57240,50,58.0
57360,500,38.0
57360,200,38.0
57360,100,38.0
57360,50,57.0
57480,500,36.0
57480,200,36.0
57480,100,36.0
57480,50,55.0
57600,500,34.0
57600,200,34.0
57600,100,34.0
57600,50,53.0
57720,500,32.0
57720,200,32.0
57720,100,32.0
57720,50,51.0
57840,500,30.0
57840,200,30.0
57840,100,30.0
57840,50,
57960,500,28.0
57960,200,28.0
57960,100,28.0
57960,50,
58080,500,26.0
58080,200,26.0
58080,100,26.0
58080,50,
58200,500,24.0
58200,200,24.0
58200,100,24.0
58200,50,
58320,500,22.0
58320,200,22.0
58320,100,22.0
58320,50,
58440,500,20.0
58440,200,20.0
58440,100,20.0
58440,50,
58560,500,18.0
58560,200,18.0
58560,100,18.0
58560,50,59.0
58680,500,16.0
58680,200,16.0
58680,100,16.0
58680,50,57.0
58800,500,14.0
58800,200,14.0
58800,100,14.0
58800,50,55.0
58920,500,12.0
58920,200,12.0
58920,100,12.0
58920,50,53.0
59040,500,10.0
59040,200,10.0
59040,100,10.0
59040,50,51.0
59160,500,8.0
59160,200,8.0
59160,100,8.0
59160,50,49.0
59280,500,
59280,200,
59280,100,
59280,50,
59400,500,
59400,200,
59400,100,
59400,50,
59520,500,
59520,200,
59520,100,
59520,50,
59640,500,
59640,200,
59640,100,
59640,50,
59760,500,
59760,200,
59760,100,
59760,50,
59880,500,
59880,200,
59880,100,
59880,50,
60000,500,
60000,200,
60000,100,
60000,50,
60120,500,
60120,200,
60120,100,
60120,50,
60240,500,
60240,200,
60240,100,
60240,50,
60360,500,60.0
60360,200,60.0
60360,100,60.0
60360,50,60.0
60480,500,58.0
60480,200,58.0
60480,100,58.0
60480,50,58.0
60600,500,56.0
60600,200,56.0
60600,100,56.0
60600,50,56.0
60720,500,54.0
60720,200,54.0
60720,100,54.0
60720,50,
60840,500,52.0
60840,200,52.0
60840,100,52.0
60840,50,
60960,500,50.0
60960,200,50.0
60960,100,50.0
60960,50,
61080,500,48.0
61080,200,48.0
61080,100,48.0
61080,50,
61200,500,46.0
61200,200,46.0
61200,100,46.0
61200,50,
61320,500,44.0
61320,200,44.0
61320,100,44.0
61320,50,
61440,500,42.0
61440,200,42.0
61440,100,42.0
61440,50,59.0
61560,500,40.0
61560,200,40.0
61560,100,40.0
61560,50,57.0
61680,500,38.0
61680,200,38.0
61680,100,38.0
61680,50,55.0
61800,500,36.0
61800,200,36.0
61800,100,36.0
61800,50,53.0
61920,500,34.0
61920,200,34.0
61920,100,34.0
61920,50,51.0
62040,500,32.0
62040,200,32.0
62040,100,32.0
62040,50,49.0
62160,500,30.0
62160,200,30.0
62160,100,30.0
62160,50,
62280,500,28.0
62280,200,28.0
62280,100,28.0
62280,50,60.0
62400,500,26.0
62400,200,26.0
62400,100,35.0
62400,50,58.0
62520,500,24.0
62520,200,24.0
62520,100,33.0
62520,50,56.0
62640,500,22.0
62640,200,22.0
62640,100,31.0
62640,50,54.0
62760,500,20.0
62760,200,20.0
62760,100,29.0
62760,50,52.0
62880,500,18.0
62880,200,18.0
62880,100,33.0
62880,50,
63000,500,16.0
63000,200,16.0
63000,100,31.0
63000,50,
63120,500,14.0
63120,200,14.0
63120,100,29.0
63120,50,
63240,500,44.0
63240,200,44.0
63240,100,44.0
63240,50,
63360,500,42.0
63360,200,42.0
63360,100,42.0
63360,50,
63480,500,40.0
63480,200,40.0
63480,100,40.0
63480,50,
63600,500,38.0
63600,200,38.0
63600,100,38.0
63600,50,
63720,500,36.0
63720,200,36.0
63720,100,36.0
63720,50,60.0
63840,500,34.0
63840,200,34.0
63840,100,34.0
63840,50,60.0
63960,500,32.0
63960,200,32.0
63960,100,32.0
63960,50,58.0
64080,500,30.0
64080,200,30.0
64080,100,30.0
64080,50,56.0
64200,500,28.0
64200,200,28.0
64200,100,28.0
64200,50,54.0
64320,500,26.0
64320,200,26.0
64320,100,26.0
64320,50,52.0
64440,500,24.0
64440,200,24.0
64440,100,24.0
64440,50,50.0
64560,500,37.0
64560,200,37.0
64560,100,37.0
64560,50,48.0
64680,500,35.0
64680,200,35.0
64680,100,35.0
64680,50,46.0
64800,500,33.0
64800,200,33.0
64800,100,33.0
64800,50,44.0
64920,500,31.0
64920,200,31.0
64920,100,31.0
64920,50,
65040,500,29.0
65040,200,29.0
65040,100,29.0
65040,50,
65160,500,27.0
65160,200,27.0
65160,100,27.0
65160,50,
65280,500,25.0
65280,200,25.0
65280,100,25.0
65280,50,
65400,500,23.0
65400,200,23.0
65400,100,23.0
65400,50,
65520,500,21.0
65520,200,21.0
65520,100,21.0
65520,50,59.0
65640,500,19.0
65640,200,19.0
65640,100,19.0
65640,50,57.0
65760,500,27.0
65760,200,27.0
65760,100,27.0
65760,50,
65880,500,50.0
65880,200,50.0
65880,100,50.0
65880,50,
66000,500,48.0
66000,200,48.0
66000,100,48.0
66000,50,
66120,500,46.0
66120,200,46.0
66120,100,46.0
66120,50,
66240,500,44.0
66240,200,44.0
66240,100,44.0
66240,50,
66360,500,42.0
66360,200,42.0
66360,100,42.0
66360,50,
66480,500,40.0
66480,200,40.0
66480,100,40.0
66480,50,
66600,500,38.0
66600,200,38.0
66600,100,38.0
66600,50,
66720,500,36.0
66720,200,36.0
66720,100,36.0
66720,50,59.0
66840,500,34.0
66840,200,34.0
66840,100,34.0
66840,50,57.0
66960,500,32.0
66960,200,32.0
66960,100,32.0
66960,50,55.0
67080,500,30.0
67080,200,30.0
67080,100,30.0
67080,50,53.0
67200,500,28.0
67200,200,28.0
67200,100,28.0
67200,50,
67320,500,48.0
67320,200,48.0
67320,100,48.0
67320,50,
67440,500,46.0
67440,200,46.0
67440,100,46.0
67440,50,
67560,500,44.0
67560,200,44.0
67560,100,44.0
67560,50,
67680,500,42.0
67680,200,42.0
67680,100,42.0
67680,50,
67800,500,40.0
67800,200,40.0
67800,100,40.0
67800,50,
67920,500,38.0
67920,200,38.0
67920,100,38.0
67920,50,
68040,500,36.0
68040,200,36.0
68040,100,36.0
68040,50,
68160,500,34.0
68160,200,34.0
68160,100,34.0
68160,50,
68280,500,32.0
68280,200,32.0
68280,100,32.0
68280,50,
68400,500,30.0
68400,200,30.0
68400,100,30.0
68400,50,
68520,500,28.0
68520,200,28.0
68520,100,28.0
68520,50,
68640,500,26.0
68640,200,26.0
68640,100,26.0
68640,50,59.0
68760,500,53.0
68760,200,53.0
68760,100,53.0
68760,50,57.0
68880,500,51.0
68880,200,51.0
68880,100,51.0
68880,50,55.0
69000,500,49.0
69000,200,49.0
69000,100,49.0
69000,50,53.0
69120,500,47.0
69120,200,47.0
69120,100,47.0
69120,50,
69240,500,45.0
69240,200,45.0
69240,100,45.0
69240,50,59.0
69360,500,43.0
69360,200,43.0
69360,100,43.0
69360,50,57.0
69480,500,41.0
69480,200,41.0
69480,100,41.0
69480,50,55.0
69600,500,39.0
69600,200,39.0
69600,100,39.0
69600,50,53.0
69720,500,37.0
69720,200,37.0
69720,100,37.0
69720,50,51.0
69840,500,35.0
69840,200,35.0
69840,100,35.0
69840,50,49.0
69960,500,33.0
69960,200,33.0
69960,100,33.0
69960,50,47.0
70080,500,31.0
70080,200,31.0
70080,100,31.0
70080,50,45.0
70200,500,29.0
70200,200,29.0
70200,100,35.0
70200,50,59.0
70320,500,27.0
70320,200,27.0
70320,100,33.0
70320,50,57.0
70440,500,25.0
70440,200,25.0
70440,100,31.0
70440,50,55.0
70560,500,23.0
70560,200,23.0
70560,100,29.0
70560,50,53.0
70680,500,21.0
70680,200,21.0
70680,100,27.0
70680,50,51.0
70800,500,19.0
70800,200,19.0
70800,100,25.0
70800,50,49.0
70920,500,17.0
70920,200,17.0
70920,100,23.0
70920,50,47.0
71040,500,21.0
71040,200,21.0
71040,100,22.0
71040,50,45.0
71160,500,19.0
71160,200,19.0
71160,100,20.0
71160,50,43.0
71280,500,17.0
71280,200,17.0
71280,100,18.0
71280,50,41.0
71400,500,15.0
71400,200,15.0
71400,100,16.0
71400,50,39.0
71520,500,36.0
71520,200,36.0
71520,100,36.0
71520,50,
71640,500,34.0
71640,200,34.0
71640,100,34.0
71640,50,
71760,500,32.0
71760,200,32.0
71760,100,32.0
71760,50,
71880,500,30.0
71880,200,30.0
71880,100,30.0
71880,50,60.0
72000,500,28.0
72000,200,28.0
72000,100,28.0
72000,50,58.0
72120,500,26.0
72120,200,26.0
72120,100,26.0
72120,50,56.0
72240,500,28.0
72240,200,28.0
72240,100,28.0
72240,50,
72360,500,26.0
72360,200,26.0
72360,100,26.0
72360,50,
72480,500,24.0
72480,200,24.0
72480,100,24.0
72480,50,
72600,500,22.0
72600,200,22.0
72600,100,22.0
72600,50,
72720,500,20.0
72720,200,20.0
72720,100,20.0
72720,50,
72840,500,18.0
72840,200,18.0
72840,100,44.0
72840,50,
72960,500,16.0
72960,200,16.0
72960,100,42.0
72960,50,
73080,500,14.0
73080,200,14.0
73080,100,40.0
73080,50,
73200,500,12.0
73200,200,12.0
73200,100,38.0
73200,50,
73320,500,10.0
73320,200,10.0
73320,100,36.0
73320,50,
73440,500,8.0
73440,200,8.0
73440,100,34.0
73440,50,
73560,500,6.0
73560,200,6.0
73560,100,32.0
73560,50,
73680,500,4.0
73680,200,4.0
73680,100,30.0
73680,50,
73800,500,4.0
73800,200,4.0
73800,100,34.0
73800,50,
73920,500,24.0
73920,200,26.0
73920,100,33.0
73920,50,
74040,500,44.0
74040,200,44.0
74040,100,44.0
74040,50,
74160,500,42.0
74160,200,42.0
74160,100,42.0
74160,50,
74280,500,40.0
74280,200,40.0
74280,100,40.0
74280,50,
74400,500,38.0
74400,200,38.0
74400,100,38.0
74400,50,
74520,500,36.0
74520,200,36.0
74520,100,36.0
74520,50,
74640,500,34.0
74640,200,34.0
74640,100,34.0
74640,50,
74760,500,32.0
74760,200,32.0
74760,100,32.0
74760,50,
74880,500,30.0
74880,200,30.0
74880,100,30.0
74880,50,
75000,500,28.0
75000,200,28.0
75000,100,28.0
75000,50,
75120,500,26.0
75120,200,26.0
75120,100,26.0
75120,50,
75240,500,24.0
75240,200,24.0
75240,100,24.0
75240,50,60.0
75360,500,22.0
75360,200,22.0
75360,100,22.0
75360,50,58.0
75480,500,23.0
75480,200,23.0
75480,100,29.0
75480,50,
75600,500,21.0
75600,200,21.0
75600,100,27.0
75600,50,
75720,500,19.0
75720,200,19.0
75720,100,25.0
75720,50,
75840,500,17.0
75840,200,17.0
75840,100,31.0
75840,50,
75960,500,20.0
75960,200,41.0
75960,100,48.0
75960,50,
76080,500,18.0
76080,200,39.0
76080,100,46.0
76080,50,
76200,500,16.0
76200,200,37.0
76200,100,44.0
76200,50,59.0
76320,500,14.0
76320,200,35.0
76320,100,42.0
76320,50,57.0
76440,500,12.0
76440,200,33.0
76440,100,40.0
76440,50,55.0
76560,500,10.0
76560,200,31.0
76560,100,38.0
76560,50,53.0
76680,500,8.0
76680,200,29.0
76680,100,36.0
76680,50,51.0
76800,500,7.0
76800,200,27.0
76800,100,34.0
76800,50,49.0
76920,500,30.0
76920,200,30.0
76920,100,32.0
76920,50,54.0
77040,500,28.0
77040,200,28.0
77040,100,30.0
77040,50,52.0
77160,500,28.0
77160,200,28.0
77160,100,28.0
77160,50,50.0
77280,500,26.0
77280,200,26.0
77280,100,26.0
77280,50,48.0
77400,500,24.0
77400,200,24.0
77400,100,24.0
77400,50,46.0
77520,500,22.0
77520,200,22.0
77520,100,22.0
77520,50,44.0
77640,500,20.0
77640,200,20.0
77640,100,20.0
77640,50,42.0
77760,500,18.0
77760,200,18.0
77760,100,18.0
77760,50,40.0
77880,500,16.0
77880,200,16.0
77880,100,16.0
77880,50,38.0
78000,500,14.0
78000,200,14.0
78000,100,14.0
78000,50,36.0
78120,500,12.0
78120,200,12.0
78120,100,12.0
78120,50,34.0
78240,500,10.0
78240,200,10.0
78240,100,10.0
78240,50,32.0
78360,500,8.0
78360,200,8.0
78360,100,8.0
78360,50,30.0
78480,500,28.0
78480,200,28.0
78480,100,28.0
78480,50,
78600,500,26.0
78600,200,26.0
78600,100,26.0
78600,50,59.0
78720,500,26.0
78720,200,26.0
78720,100,26.0
78720,50,57.0
78840,500,24.0
78840,200,24.0
78840,100,24.0
78840,50,55.0
78960,500,22.0
78960,200,22.0
78960,100,22.0
78960,50,53.0
79080,500,20.0
79080,200,20.0
79080,100,20.0
79080,50,51.0
79200,500,18.0
79200,200,18.0
79200,100,18.0
79200,50,49.0
79320,500,16.0
79320,200,16.0
79320,100,16.0
79320,50,48.0
79440,500,14.0
79440,200,14.0
79440,100,14.0
79440,50,46.0
79560,500,12.0
79560,200,12.0
79560,100,12.0
79560,50,44.0
79680,500,10.0
79680,200,10.0
79680,100,10.0
79680,50,42.0
79800,500,18.0
79800,200,18.0
79800,100,18.0
79800,50,60.0
79920,500,16.0
79920,200,16.0
79920,100,16.0
79920,50,58.0
80040,500,14.0
80040,200,14.0
80040,100,14.0
80040,50,56.0
80160,500,12.0
80160,200,12.0
80160,100,33.0
80160,50,54.0
80280,500,31.0
80280,200,31.0
80280,100,34.0
80280,50,
80400,500,29.0
80400,200,29.0
80400,100,32.0
80400,50,
80520,500,27.0
80520,200,27.0
80520,100,30.0
80520,50,
80640,500,25.0
80640,200,25.0
80640,100,28.0
80640,50,
80760,500,23.0
80760,200,23.0
80760,100,26.0
80760,50,
80880,500,21.0
80880,200,21.0
80880,100,24.0
80880,50,
81000,500,19.0
81000,200,19.0
81000,100,22.0
81000,50,
81120,500,17.0
81120,200,17.0
81120,100,20.0
81120,50,
81240,500,15.0
81240,200,15.0
81240,100,18.0
81240,50,
81360,500,13.0
81360,200,13.0
81360,100,16.0
81360,50,
81480,500,11.0
81480,200,11.0
81480,100,14.0
81480,50,
81600,500,9.0
81600,200,9.0
81600,100,12.0
81600,50,60.0
81720,500,7.0
81720,200,7.0
81720,100,10.0
81720,50,58.0
81840,500,5.0
81840,200,5.0
81840,100,8.0
81840,50,56.0
81960,500,6.0
81960,200,6.0
81960,100,6.0
81960,50,55.0
82080,500,4.0
82080,200,4.0
82080,100,4.0
82080,50,53.0
82200,500,25.0
82200,200,25.0
82200,100,41.0
82200,50,
82320,500,23.0
82320,200,23.0
82320,100,48.0
82320,50,
82440,500,21.0
82440,200,21.0
82440,100,46.0
82440,50,
82560,500,19.0
82560,200,19.0
82560,100,44.0
82560,50,
82680,500,17.0
82680,200,17.0
82680,100,42.0
82680,50,
82800,500,15.0
82800,200,15.0
82800,100,40.0
82800,50,
