wait_min,n_start_times,all3_apertures_percent,finite_solution_percent,all3_finite_percent,median_satellites_all,median_satellites_all3,median_crlb_all_m,p90_crlb_all_m,median_crlb_all3_m,p90_crlb_all3_m,pct_all3_crlb_le_500m,pct_all3_crlb_le_200m,pct_all3_crlb_le_100m,pct_all3_crlb_le_50m
1,691,0.0,17.076700434153402,0.0,0.0,,4285.139982902751,44639.06602228211,,,0.0,0.0,0.0,0.0
2,691,0.0,33.86396526772793,0.0,0.0,,2793.5387788889598,35254.02136680039,,,0.0,0.0,0.0,0.0
3,691,0.1447178002894356,41.67872648335745,0.1447178002894356,0.0,3.0,2260.716280080632,32461.797146202847,136.0102806251612,136.0102806251612,0.1447178002894356,0.1447178002894356,0.0,0.0
4,691,0.723589001447178,51.808972503617944,0.723589001447178,1.0,4.0,1807.8065111428825,32297.466436847004,124.01789574597377,170.01604541868153,0.723589001447178,0.723589001447178,0.1447178002894356,0.0
5,691,1.3024602026049203,57.88712011577424,1.3024602026049203,1.0,4.0,1571.8147440934463,31700.30645245548,124.01789574597377,180.489048820536,1.3024602026049203,1.3024602026049203,0.2894356005788712,0.0
6,691,2.170767004341534,66.57018813314038,2.170767004341534,1.0,4.0,1079.6636472934256,27968.54899782037,124.01789574597377,176.40824297916237,2.170767004341534,2.170767004341534,0.43415340086830684,0.0
7,691,3.0390738060781475,70.767004341534,3.0390738060781475,1.0,4.0,644.0617082758923,23986.214055952627,124.01789574597377,181.72338371431152,3.039073806078148,2.894356005788712,0.723589001447178,0.0
8,691,4.92040520984081,75.9768451519537,4.92040520984081,2.0,4.0,438.4062699901498,23132.977042397266,123.77035747153204,184.40376579199625,4.92040520984081,4.486251808972503,1.3024602026049203,0.0
9,691,6.078147612156295,78.8712011577424,6.078147612156295,2.0,4.0,317.25626145700426,20296.760051670863,120.33806299080445,181.72338371431152,6.078147612156296,5.643994211287988,1.881331403762663,0.0
10,691,8.104196816208393,83.3574529667149,8.104196816208393,2.0,4.0,237.38128300798115,8614.954067620389,112.91484099281777,180.60462595874804,8.104196816208393,7.670043415340087,2.894356005788712,0.0
11,691,9.117221418234443,85.96237337192474,9.117221418234443,2.0,5.0,207.3284668345401,7536.769748258336,109.00741959436638,174.14211246078105,9.117221418234443,8.683068017366136,4.052098408104197,0.0
12,691,11.577424023154848,89.29088277858176,11.577424023154848,2.0,5.0,179.7645000310808,5915.288942996705,106.20261342615547,181.72338371431152,11.577424023154848,10.998552821997105,5.065123010130246,0.0
13,691,12.735166425470332,91.02749638205499,12.735166425470332,3.0,5.0,173.4800748188253,4375.568384994629,101.3318436561017,161.13388512266502,12.735166425470332,12.156295224312592,6.367583212735166,0.0
14,691,15.340086830680173,93.4876989869754,15.340086830680173,3.0,5.0,160.36026137969606,3677.768620096639,104.63819833177676,178.59532944794972,15.340086830680175,14.616497829232996,7.525325615050652,0.0
15,691,17.076700434153402,94.35600578871201,17.076700434153402,3.0,5.0,148.0755614845297,2219.4123049247805,97.22920685584282,161.83978099833075,17.0767004341534,16.35311143270622,8.972503617945007,0.0
16,691,20.260492040520983,96.09261939218524,20.260492040520983,3.0,5.0,136.40385109115266,1715.6717646983832,97.02569880091232,171.76323526509174,20.260492040520983,19.39218523878437,10.709117221418236,0.0
17,691,22.72069464544139,96.81620839363242,22.72069464544139,4.0,5.0,129.98335763969567,1261.0738794330741,97.02569880091232,161.83978099833075,22.720694645441387,21.70767004341534,12.445730824891461,0.0
18,691,26.917510853835022,97.82923299565847,26.917510853835022,4.0,5.0,120.60828037642906,676.0746505944509,96.80787891514396,171.3516752743699,26.91751085383502,25.615050651230103,15.050651230101304,0.0
19,691,29.52243125904486,98.40810419681621,29.52243125904486,4.0,5.0,116.18098308618252,561.1503618144778,96.75537373812196,161.83978099833075,29.52243125904486,28.21997105643994,17.36613603473227,0.0
20,691,34.00868306801737,99.13169319826339,34.00868306801737,4.0,5.0,108.01940305474437,414.28426254633393,95.73481594729496,163.03842440568624,34.00868306801736,32.41678726483357,20.40520984081042,0.1447178002894356
21,691,36.32416787264834,99.42112879884226,36.32416787264834,5.0,5.0,105.23097240143007,315.9438902522724,95.73481594729496,161.83978099833075,36.32416787264833,34.73227206946454,22.575976845151953,0.1447178002894356
22,691,40.520984081041966,99.85528219971056,40.520984081041966,5.0,5.0,101.43702922276438,248.35889997386676,95.33183815516043,161.83978099833075,40.520984081041966,38.78437047756874,25.615050651230103,0.2894356005788712
23,691,42.836468885672936,99.85528219971056,42.836468885672936,5.0,5.0,97.43271491077333,238.61394744313492,94.03543754260798,158.97518125055353,42.83646888567294,41.09985528219971,28.075253256150507,0.43415340086830684
24,691,47.03328509406657,100.0,47.03328509406657,5.0,6.0,96.69705474112877,201.46646315909902,90.15818182728259,147.61184418669922,47.03328509406657,45.29667149059334,31.114327062228654,0.5788712011577424
25,691,49.204052098408106,100.0,49.204052098408106,5.0,6.0,94.55623432762447,191.26963558778195,90.15818182728259,142.16535509811652,49.2040520984081,47.467438494934875,33.57452966714906,0.723589001447178
26,691,54.55861070911722,100.0,54.55861070911722,6.0,6.0,91.10768300214147,165.8224206252869,88.3634776319378,140.87261749387176,54.55861070911722,52.67727930535456,37.62662807525325,1.0130246020260492
27,691,56.87409551374819,100.0,56.87409551374819,6.0,6.0,90.18716300079473,163.8734303298333,85.07649850243725,133.9141802374253,56.87409551374819,55.137481910274964,40.520984081041966,1.1577424023154848
28,691,62.37337192474674,100.0,62.37337192474674,6.0,6.0,87.75574158427959,157.11900418229882,82.1354250999811,133.9141802374253,62.37337192474675,60.781476121562946,45.29667149059334,1.3024602026049203
29,691,64.25470332850941,100.0,64.25470332850941,6.0,6.0,85.36502627687462,148.91795254255067,79.97327435380339,126.68655227614117,64.25470332850941,62.80752532561505,48.04630969609262,1.447178002894356
30,691,68.45151953690304,100.0,68.45151953690304,6.0,7.0,81.41360005121312,140.90022246413207,78.09305399949777,126.75487321291308,68.45151953690304,67.00434153400869,51.808972503617944,1.7366136034732274
31,691,70.47756874095514,100.0,70.47756874095514,6.0,7.0,78.95650320390733,134.34788737133456,76.10548645860293,120.95972494134706,70.47756874095514,69.17510853835022,54.70332850940666,1.881331403762663
32,691,73.51664254703329,100.0,73.51664254703329,7.0,7.0,76.03548569559477,126.89151508645688,74.58600665284773,120.12076533632053,73.51664254703329,72.3589001447178,58.465991316931984,2.170767004341534
33,691,75.25325615050652,100.0,75.25325615050652,7.0,7.0,74.580323985968,125.56891707782061,70.65723567213116,118.24644914319316,75.2532561505065,74.24023154848047,61.64978292329957,2.3154848046309695
34,691,78.4370477568741,100.0,78.4370477568741,7.0,7.0,70.47100152570061,120.12076533632053,69.07716534620306,113.85290499093144,78.43704775687411,77.71345875542693,65.70188133140377,2.6049204052098407
35,691,79.88422575976846,100.0,79.88422575976846,7.0,8.0,68.70962845981461,116.88026242288538,67.7407711296093,111.16576665639853,79.88422575976846,79.3053545586107,68.16208393632417,2.7496382054992763
36,691,82.4891461649783,100.0,82.4891461649783,8.0,8.0,67.59309309555451,113.85290499093144,66.49814953585513,105.80226182059506,82.4891461649783,82.05499276411,71.63531114327061,3.039073806078148
37,691,83.50217076700434,100.0,83.50217076700434,8.0,8.0,66.29383446411813,111.16576665639853,65.73242471891082,102.98026203683935,83.50217076700434,83.21273516642546,73.66136034732273,3.3285094066570187
38,691,85.81765557163531,100.0,85.81765557163531,8.0,8.0,65.58865602826411,106.22154085157835,65.04678622900519,101.56589046531055,85.81765557163531,85.52821997105644,76.55571635311144,3.762662807525326
39,691,86.68596237337192,100.0,86.68596237337192,8.0,8.0,64.98116481271485,102.98026203683935,63.83829446258497,97.729581867633,86.68596237337192,86.5412445730825,78.43704775687411,4.196816208393632
40,691,88.71201157742402,100.0,88.71201157742402,8.0,9.0,63.82514957491844,101.56589046531055,62.89330893682851,95.51793662435824,88.71201157742402,88.5672937771346,81.04196816208393,4.630969609261939
41,691,89.29088277858176,100.0,89.29088277858176,9.0,9.0,62.89330893682851,96.28669510987314,62.32415113965752,93.97785731910353,89.29088277858177,89.29088277858177,82.77858176555716,5.209840810419681
42,691,90.88277858176556,100.0,90.88277858176556,9.0,9.0,62.07262920561689,94.55623432762447,61.92720906074673,90.97665974271153,90.88277858176555,90.88277858176555,84.9493487698987,6.078147612156296
43,691,91.31693198263386,100.0,91.31693198263386,9.0,9.0,61.49007376849836,90.28794225487502,60.965697393774654,88.15849428577724,91.31693198263386,91.31693198263386,86.25180897250362,6.801736613603474
44,691,92.76410998552822,100.0,92.76410998552822,9.0,10.0,60.89650425747884,87.49391731916958,60.59605696423625,85.62965730022421,92.76410998552822,92.76410998552822,88.27785817655571,7.814761215629522
45,691,93.05354558610709,100.0,93.05354558610709,10.0,10.0,59.53235627108889,85.41248897630466,59.23350916442306,84.37529088000377,93.05354558610709,93.05354558610709,89.4356005788712,8.827785817655572
46,691,94.21128798842257,100.0,94.21128798842257,10.0,10.0,58.63455046201814,82.30481839276757,58.55789578454794,82.30481839276757,94.21128798842258,94.21128798842258,91.02749638205499,9.985528219971057
47,691,94.50072358900145,100.0,94.50072358900145,10.0,10.0,58.163202352817095,81.57523000904317,58.163202352817095,80.27608185170945,94.50072358900144,94.50072358900144,92.04052098408104,10.998552821997105
48,691,95.36903039073806,100.0,95.36903039073806,10.0,10.0,57.390945907300654,76.98135370883163,57.390945907300654,76.98135370883163,95.36903039073806,95.36903039073806,93.4876989869754,12.590448625180898
49,691,95.5137481910275,100.0,95.5137481910275,10.0,10.0,56.77985162896592,72.58110858433261,56.82247815032546,74.43410896151123,95.51374819102749,95.51374819102749,94.35600578871201,14.327062228654125
50,691,96.23733719247467,100.0,96.23733719247467,11.0,11.0,56.25504928761569,71.25433785644965,56.37463661688161,71.78637658565792,96.23733719247467,96.23733719247467,95.36903039073806,15.77424023154848
51,691,96.38205499276411,100.0,96.38205499276411,11.0,11.0,55.499140722754106,70.57470007324186,55.508594368928144,70.78713268501639,96.38205499276411,96.38205499276411,95.51374819102749,18.37916063675832
52,691,96.81620839363242,100.0,96.81620839363242,11.0,11.0,55.148186656535394,69.45046496122306,55.348748909758285,69.82287702723633,96.81620839363242,96.81620839363242,96.23733719247467,20.11577424023155
53,691,96.96092619392185,100.0,96.96092619392185,11.0,11.0,54.67699629187354,68.2661786608529,54.72437445799786,68.35110740775818,96.96092619392185,96.96092619392185,96.38205499276411,23.01013024602026
54,691,97.39507959479016,100.0,97.39507959479016,11.0,11.0,54.09016649237245,67.56924638281357,54.106382158395405,67.56924638281357,97.39507959479016,97.39507959479016,97.10564399421129,25.03617945007236
55,691,97.39507959479016,100.0,97.39507959479016,12.0,12.0,53.570967861299685,67.2126251330691,53.54885129438082,67.21873346405529,97.39507959479016,97.39507959479016,97.10564399421129,28.075253256150507
56,691,97.82923299565847,100.0,97.82923299565847,12.0,12.0,53.140715852271576,65.33700285338911,53.11537470927961,65.33700285338911,97.82923299565847,97.82923299565847,97.82923299565847,30.535455861070908
57,691,97.82923299565847,100.0,97.82923299565847,12.0,12.0,52.962740613641095,64.88258676075002,52.95898244374186,64.974771599099,97.82923299565847,97.82923299565847,97.82923299565847,33.57452966714906
58,691,98.26338639652677,100.0,98.26338639652677,12.0,12.0,52.27878949428009,64.88258676075002,52.143947084557375,64.88258676075002,98.26338639652677,98.26338639652677,98.26338639652677,37.04775687409551
59,691,98.26338639652677,100.0,98.26338639652677,12.0,13.0,51.74780305195345,63.20020582129029,51.57980438751541,63.653141212153855,98.26338639652677,98.26338639652677,98.26338639652677,40.08683068017366
60,691,98.55282199710564,100.0,98.55282199710564,13.0,13.0,51.04542593738694,62.68704518002457,51.023758026987466,62.97044928387491,98.55282199710564,98.55282199710564,98.55282199710564,43.70477568740955
